 Placa ; Tipo de Vehiculo ; Marca ; Modelo ; Año del Permiso ; Valor Total ; Forma de Pago 
DRDT-55;CARRO BOMBA;RENAULT;MIDLUM 280 15 4X4;2016;0;Contado
GSSZ-69;AUTOMOVIL;NISSAN;NOTE SENSE MT;2016;74100;2da. Cuota
JGRW-31;MINIBUS;HYUNDAI;H-1 MS 2.5 CRDI 6M/T GLS 10S AC 2AB;2016;3890;Contado
WW-7779;CAMION;FORD;F 350;2016;49203;Contado
NL-5563;AUTOMOVIL;CITROEN;ZX REFLEX FLASH;2017;11557;1ra. Cuota
CTVY-63;CAMIONETA;NISSAN;TERRANO PICK UP DXS;2017;60544;1ra. Cuota
JKHS-70;MINIBUS;FORD;TRANSIT MINIBUS 17-1;2017;42969;Contado
FHBW-98;AUTOMOVIL;KIA MOTORS;CERATO EX MT AB (NVO);2017;85088;Contado
XV-5014;CAMIONETA;TOYOTA;HILUX DIESEL DX;2017;33463;Contado
FVJJ-80;CAMIONETA;DONGFENG;DF 2500 CABINA DOBLE;2017;36063;Contado
ST-4449;AUTOMOVIL;DAEWOO;LANOS S;2017;11557;1ra. Cuota
BWXF-94;CAMIONETA;NISSAN;TERRANO PICK UP AXS;2017;87788;Contado
ZS-3066;CAMIONETA;NISSAN;TERRANO DX TDI 4X4;2017;48863;Contado
LB-1882;CAMIONETA;CHEVROLET;LUV 4WD D/C;2017;23115;Contado
BD-7713;AUTOMOVIL;NISSAN;SENTRA 1.6 LX;2017;23115;Contado
BFJS-48;STATION WAGON;JEEP;COMPASS SPORT 4X4;2017;35532;1ra. Cuota
BBTT-91;AUTOMOVIL;SUZUKI;ALTO 800 GL;2017;23115;Contado
VY-1977;CAMIONETA;NISSAN;D21 D/C;2017;23115;Contado
DF-5122;CAMIONETA;TOYOTA;HILUX C/S 1.8 STD;2017;23115;Contado
VC-1831;STATION WAGON;CHEVROLET;CORSA SW ML 1.6L 5P DH CD;2017;23115;Contado
UG-2334;STATION WAGON;HYUNDAI;GALLOPER XL TDI;2017;27100;Contado
FVRG-96;CAMIONETA;TOYOTA;NEW HILUX DIESEL 4X2 FULL;2017;96244;1ra. Cuota
TF-2283;CAMIONETA;NISSAN;D22 TERRANO PICK UP AX;2017;23115;Contado
HGSB-46;AUTOMOVIL;SUZUKI;ALTO 800 DLX;2017;35263;Contado
DZKL-45;CAMIONETA;VOLKSWAGEN;AMAROK TRENDLINE 4X2;2017;205088;Contado
GRYZ-29;STATION WAGON;SUZUKI;APV MINVAN EURO4;2017;57244;1ra. Cuota
HTHG-83;AUTOMOVIL;SUZUKI;CELERIO 1.0 GLX BT;2017;68663;Contado
UT-1228;CAMIONETA;CHEVROLET;LUV 2.2 C/C MIL II 2T 2WD;2017;23115;Contado
WH-7292;FURGON;KIA MOTORS;BESTA 2.7 CARGO VAN DH;2017;41263;Contado
FFJH-78;CAMIONETA;NISSAN;TERRANO PICK UP DXS;2017;83944;1ra. Cuota
RJ-9449;AUTOMOVIL;MAZDA;ARTIS LX;2017;23114;Contado
DCVV-55;CAMIONETA;ZX;GRAND TIGER 2.2;2017;34663;Contado
CFYT-21;CAMIONETA;DODGE;DAKOTA QUAD CAB LARAMIE 4;2016;73838;2da. Cuota
CFYT-21;CAMIONETA;DODGE;DAKOTA QUAD CAB LARAMIE 4;2017;58594;1ra. Cuota
CKPK-95;CAMIONETA;GREAT WALL;WINGLE 4X2 AB;2017;40663;Contado
YRV-020;CARRO ARRASTRE;HECHIZO;HECHIZO;2017;23115;Contado
CSCP-34;CAMIONETA;TOYOTA;HILUX DIESEL 4X2 A/A;2017;51694;1ra. Cuota
BDRL-88;CAMIONETA;NISSAN;TERRANO AX-SP TDI 4X4 SV;2017;88088;Contado
FDFL-67;AUTOMOVIL;HYUNDAI;I-10 1.1 FL GLS;2017;42063;Contado
UT-5717;CAMIONETA;NISSAN;D22 AX S D/C;2017;24300;Contado
HVWV-32;STATION WAGON;SUBARU;FORESTER 2.0 DSL AWD CVT;2017;196208;1ra. Cuota
ZS-2221;AUTOMOVIL;FIAT;UNO FIRE;2017;23115;Contado
TH-9574;AUTOMOVIL;SUZUKI;MARUTI 308 GL;2017;23115;Contado
BLZR-12;CAMIONETA;NISSAN;TERRANO DX 4X2;2017;52663;Contado
DKGF-26;CAMIONETA;TOYOTA;NEW HILUX DIESEL 4X4;2017;194888;Contado
BCHX-71;AUTOMOVIL;KIA MOTORS;RIO JB 1.4 LX MT;2017;26100;Contado
GZHP-74;AUTOMOVIL;SUZUKI;ALTO 800 DLX;2017;35263;Contado
FGKS-92;CAMIONETA;FORD;F-150 CC PLATINUM 4X4 3.5;2017;405215;Contado
SS-9733;CAMIONETA;FORD;RANGER CC XL 4X2 2.5;2017;23115;Contado
YN-9821;CAMIONETA;MITSUBISHI;L200 D/C DIESEL GL;2017;32863;Contado
FPBD-45;CAMIONETA;TOYOTA;NEW HILUX DIESEL 4X4 FULL;2017;138408;1ra. Cuota
SC-8977;AUTOMOVIL;SUZUKI;BALENO SE;2017;23115;Contado
RG-4315;AUTOMOVIL;MAZDA;ARTIS GLX;2017;23115;Contado
NT-3856;JEEP;SUZUKI;VITARA DE LUX;2017;23115;Contado
YX-5106;CAMIONETA;NISSAN;TERRANO DI.4X2 C/S L2 509;2017;29263;Contado
FRWH-98;STATION WAGON;LIFAN;VAN EX 1.3 AC;2017;38063;Contado
GZHP-43;AUTOMOVIL;RENAULT;SYMBOL EXPRESSION MT;2017;66663;Contado
PV-2084;AUTOMOVIL;SUZUKI;MARUTI 308;2017;23115;Contado
CCXB-31;AUTOMOVIL;CHEVROLET;CORSA III HB 5P 1.6 AC;2017;17632;1ra. Cuota
NP-7113;CAMIONETA;FORD;RANGER C/S;2017;23115;Contado
BFRK-14;AUTOMOVIL;FORD;FIESTA TREND 1.6L;2017;34263;Contado
EG-3646;FURGON;VOLKSWAGEN;VARIANT;2017;23115;Contado
GRYK-25;AUTOMOVIL;MERCEDES BENZ;E200;2017;468815;Contado
ZV-4698;AUTOMOVIL;KIA MOTORS;RIO JB 1.4 LX MT;2017;23115;Contado
VA-9361;FURGON;PEUGEOT;BOXER TOLE 290 C DSL;2017;25100;Contado
BGYR-79;CAMIONETA;TOYOTA;NEW HILUX DIESEL 4X4 2.7;2017;82663;Contado
BYJD-21;CAMIONETA;NISSAN;TERRANO PICK UP/DXS;2017;33932;1ra. Cuota
CRFS-54;JEEP;SUZUKI;JIMNY 1.3 JLX WINCHE;2017;58463;Contado
FDDW-55;STATION WAGON;CHERY;DESTINY AC;2017;64463;Contado
YV-1635;CAMIONETA;CHEVROLET;MONTANA RC 1.7D DH;2017;23200;Contado
PG-5841;JEEP;SUZUKI;VITARA TECHO FIBRA;2017;23115;Contado
TP-9399;JEEP;SUZUKI;GRAND VITARA JLX;2017;23115;Contado
CFDR-64;STATION WAGON;SUZUKI;GRAND NOMADE GLX SPORT 4X;2017;43894;1ra. Cuota
WG-2381;CAMIONETA;NISSAN;TERRANO DX 4X4 D/C;2017;47263;Contado
UB-7729;STATION WAGON;TOYOTA;RAV4 LUJO;2017;34463;Contado
WP-9222;AUTOMOVIL;NISSAN;V16 EX SALOON STD COLOR;2017;12400;1ra. Cuota
VV-6738;CAMIONETA;MITSUBISHI;L200 D/C GL;2017;23115;Contado
BLZJ-79;CAMIONETA;HYUNDAI;PORTER HR HD TDI CAM. PS;2017;54663;Contado
FWWH-61;CAMIONETA;CHEVROLET;D-MAX E4 CC 2.5D 4WD DAB;2017;88894;1ra. Cuota
WA-9261;CAMIONETA;MAZDA;B2500 DX 4X4;2017;57063;Contado
UE-3808;AUTOMOVIL;NISSAN;V16 EX SALOON STD COLOR;2017;11557;1ra. Cuota
NJ-5925;CAMIONETA;CHEVROLET;LUV 2.3 STANDARD;2017;11557;1ra. Cuota
FPYW-52;FURGON;FIAT;FIORINO;2017;45863;Contado
UZ-5918;AUTOMOVIL;FIAT;SIENA FIRE;2017;23115;Contado
HTRD-28;CARRO BOMBA;IVECO;150 E 30 4X4;2016;0;Contado
BYDL-39;CAMION;VOLKSWAGEN;26.220M;2016;0;Contado
KS-8974;CAMIONETA;CHEVROLET;LUV 2.3 D/C;2017;11557;1ra. Cuota
DS-9221;JEEP;NISSAN;TERRANO 4WD;2017;23115;Contado
ZX-2125;FURGON;FIAT;FIORINO;2017;23115;Contado
VG-1880;CAMIONETA;MAZDA;B2900 DC SDX 4X4 AB-ABS;2017;42463;Contado
DTDS-65;CAMIONETA;CHEVROLET;SILVERADO LT II CC 5.3 4W;2017;258488;Contado
FGJZ-68;STATION WAGON;SSANGYONG;NEW KYRON XDI 4X4 TC;2017;205688;Contado
DZYV-74;AUTOMOVIL;MERCEDES BENZ;E200 CGI BLUE EFFICIENCY;2017;340415;Contado
BRSS-58;STATION WAGON;FORD;ECOSPORT XLS 4X2;2017;46263;Contado
ZU-8032;CAMIONETA;CHEVROLET;LUV D-MAX CC 3.0D 4WD BU;2017;41063;Contado
HSRS-41;AUTOMOVIL;KIA MOTORS;MORNING EX 1.0L 5MT AC;2017;87788;Contado
HVJJ-74;STATION WAGON;TOYOTA;RAV4 SUPER LUJO 4X4 724ML;2017;157408;1ra. Cuota
CDRK-35;AUTOMOVIL;HYUNDAI;I-10 1.1 GLS;2017;31263;Contado
LY-9750;JEEP;SUZUKI;SAMURAI 4WD T.MET.;2017;23115;Contado
NJ-7695;CAMIONETA;FORD;RANGER XLT REG/CAB;2017;23115;Contado
DP-7165;JEEP;CHEVROLET;BLAZER C10 2WD;2017;23115;Contado
CRHB-38;CAMIONETA;CHEVROLET;D-MAX CC 3.0D 4WD DAB ABS;2017;97688;Contado
BDVJ-63;STATION WAGON;HYUNDAI;SANTA FE 2.7 GLS AT FULL;2017;107288;Contado
CDWC-95;AUTOMOVIL;HYUNDAI;ACCENT MC 1.4 GL PS AV;2017;44263;Contado
YD-8052;CAMIONETA;FIAT;STRADA P.UP T.DIES C/EXT.;2017;23115;Contado
DJWX-53;CAMIONETA;MITSUBISHI;L200 D/C TD KATANA CRT 4X;2017;145688;Contado
ST-9613;CAMIONETA;TOYOTA;HILUX D/C STD 4WD;2017;23115;Contado
ND-2923;CAMIONETA;NISSAN;D/C 4WD;2017;23115;Contado
GXVW-86;CAMIONETA;MITSUBISHI;L200 KATANA CRT;2017;122194;1ra. Cuota
RJ-2433;JEEP;SUZUKI;VITARA STD 1.6 IJX DH;2017;23115;Contado
CZZH-45;CAMIONETA;CHEVROLET;D-MAX TH CC 3.0D 4WD DAB;2017;59194;1ra. Cuota
DWZV-13;CAMIONETA;TOYOTA;NEW HILUX DIESEL 4X4;2017;97444;1ra. Cuota
DRYY-84;CAMIONETA;NISSAN;TERRANO AXS TURBO DSEL 4X;2017;142088;Contado
CBRB-79;CAMIONETA;TOYOTA;HILUX DIESEL 4X4 A/A;2017;118088;Contado
FVRH-56;CAMIONETA;HUANGHAI;STEED 2.2;2017;33232;1ra. Cuota
BBTW-70;CAMIONETA;MITSUBISHI;L200 D/C TD KATANA CRL 4X;2017;74263;Contado
BZ-9915;CAMIONETA;CHEVROLET;LUV 2.3 SPACE CAB;2017;23115;Contado
HLWT-75;CAMIONETA;FORD;RANGER DIESEL 4X4 XLT;2017;480815;Contado
WV-4378;STATION WAGON;HYUNDAI;TUCSON 2.0 GL MT 4WD CRDI;2017;64463;Contado
FCLH-17;CAMIONETA;TOYOTA;NEW HILUX DIESEL 4X4;2017;194888;Contado
VL-9548;CAMIONETA;CHEVROLET;LUV 2.2L C/C GLS 2T 2WD;2017;23115;Contado
HHKR-10;CAMIONETA;MITSUBISHI;L200 KATANA CRM;2017;235688;Contado
JGJZ-64;STATION WAGON;GREAT WALL;HAVAL NEW H3 2.0;2017;89725;1ra. Cuota
WV-4864;CAMIONETA;NISSAN;TERRANO DX 4X4;2017;24332;1ra. Cuota
YN-5810;AUTOMOVIL;FIAT;UNO FIRE;2017;23115;Contado
HBVD-76;CAMIONETA;MAHINDRA;GENIO PU DC 4X4 MT FULL C;2017;76744;1ra. Cuota
TU-3357;CAMIONETA;HYUNDAI;PORTER SPR;2017;23115;Contado
WZ-8235;AUTOMOVIL;NISSAN;PLATINA HL 407;2017;25500;Contado
SG-7085;CAMIONETA;CHEVROLET;LUV 4WD D/C;2014;35492;Contado
SG-7085;CAMIONETA;CHEVROLET;LUV 4WD D/C;2015;31636;Contado
SG-7085;CAMIONETA;CHEVROLET;LUV 4WD D/C;2016;27266;Contado
SG-7085;CAMIONETA;CHEVROLET;LUV 4WD D/C;2017;23115;Contado
GSFX-17;CAMIONETA;DODGE;NEW RAM 1500 LARAMIE CC S;2017;380815;Contado
DDFX-18;CAMIONETA;VOLKSWAGEN;AMAROK POWER PLUS 4X4;2017;143288;Contado
FBBZ-34;CAMIONETA;CHEVROLET;SILVERADO LT II EC 5.3 4W;2017;238988;Contado
CLHR-92;CAMIONETA;NISSAN;TERRANO DC TDI 4X4 DX SV;2017;56494;1ra. Cuota
HRLG-79;STATION WAGON;CHEVROLET;TAHOE LT IV SU 5.3L 4WD;2017;1022307;Contado
BZSV-22;CAMIONETA;TOYOTA;HILUX DIESEL 4X2 A/A;2017;82063;Contado
ZT-1548;STATION WAGON;DAIHATSU;TERIOS 4X2 1AB;2017;28263;Contado
DZJF-18;CAMIONETA;MITSUBISHI;L200 D/C TD KATANA CRT 4X;2017;145688;Contado
TZ-4144;CAMIONETA;TOYOTA;HILUX D/C DLX DIES BUT;2017;14332;1ra. Cuota
NK-6059;CAMIONETA;HYUNDAI;PORTER;2017;23115;Contado
WW-7233;AUTOMOVIL;FORD;FIESTA SEDAN FIRST;2017;25600;Contado
RV-3295;CAMIONETA;FORD;RANGER XLT MT;2017;23115;Contado
YX-4627;CAMIONETA;CHEVROLET;LUV WORK CC 2.2;2017;23800;Contado
CPZV-26;CAMIONETA;DODGE;DAKOTA CREW CAB LARAMIE L;2017;161888;Contado
DKGF-35;CAMIONETA;TOYOTA;HILUX DIESEL 4X2 A/A;2017;162488;Contado
XY-9258;STATION WAGON;NISSAN;PATHFINDER SE CONF.RL503;2017;46863;Contado
CYXF-14;AUTOMOVIL;HYUNDAI;ACCENT MC 1.4 GL PS;2017;48263;Contado
BLZT-83;CAMIONETA;MAHINDRA;PIK-UP XL D/C 4X4 ABS CRD;2017;42863;Contado
CFVP-83;CAMIONETA;TOYOTA;TUNDRA  4X4;2017;97744;1ra. Cuota
EN-8032;CAMIONETA;VOLKSWAGEN;GOL GL 4 VEL;2017;23115;Contado
HGSR-65;CAMIONETA;FIAT;STRADA 1.4 D/C MT WORKING;2017;55294;1ra. Cuota
GRVC-39;CASA RODANTE;FORD;CHALLENGER TRIGANO FD2 2.4;2017;444425;Contado
GFLC-47;CAMIONETA;MAZDA;BT-50 D/C SDX HIGH 6AT 4X;2017;408015;Contado
GBGB-91;CAMIONETA;DODGE;NEW RAM 2500 CREW CAB LAR;2017;584457;Contado
FPKL-79;STATION WAGON;FORD;ECOSPORT TITANIUM 1.6L;2017;56194;1ra. Cuota
WH-7320;CAMIONETA;KIA MOTORS;FRONTIER II 2.7 PLUS 4WD;2017;28832;1ra. Cuota
DLBX-82;CAMIONETA;NISSAN;TERRANO DX TURBO DIESEL 4;2017;62644;1ra. Cuota
DRTR-56;CAMIONETA;TOYOTA;NEW HILUX DIESEL 4X4;2017;97444;1ra. Cuota
HGVG-29;CAMIONETA;MITSUBISHI;L200 KATANA CRT;2017;244388;Contado
HGVG-28;CAMIONETA;MITSUBISHI;L200 KATANA CRT;2017;244388;Contado
GZYR-28;CAMIONETA;VOLKSWAGEN;AMAROK TRENDLINE 4X4 AT L;2017;391215;Contado
RF-7178;CAMIONETA;HYUNDAI;PORTER;2017;23115;Contado
BVKF-21;CAMIONETA;NISSAN;NAVARA 4X2 D/C DSL FULL;2017;45244;1ra. Cuota
RY-2658;AUTOMOVIL;KIA MOTORS;PRIDE 1.1 LX;2017;23115;Contado
GTZL-51;CAMIONETA;TOYOTA;HILUX  F#5;2017;148208;1ra. Cuota
CFKR-58;AUTOMOVIL;SUZUKI;ALTO 800 GL;2017;11557;1ra. Cuota
KG-8822;AUTOMOVIL;SUBARU;LEGACY 2.0I GL 4WD;2017;23115;Contado
HTHL-59;CAMIONETA;DFSK;TRUCK DCAB 1.5;2017;63007;1ra. Cuota
TC-7454;AUTOMOVIL;KIA MOTORS;AVELLA II 1.3 GL;2017;11557;1ra. Cuota
UN-8000;FURGON;RENAULT;KANGOO EXPRESS RL;2017;11557;1ra. Cuota
NE-7940;CAMIONETA;CHEVROLET;S10 EC 2.2;2017;23115;Contado
YP-9931;CAMIONETA;HYUNDAI;PORTER HR HD TDI;2017;34063;Contado
BVTF-39;AUTOMOVIL;SUZUKI;ALTO 800 GL;2017;23115;Contado
XV-5748;STATION WAGON;HYUNDAI;TERRACAN 2.5 GL LE DSL;2017;28432;1ra. Cuota
FYGT-40;STATION WAGON;DONGFENG;H30 CROSS NOBLE MT;2017;67463;Contado
FFGR-28;CAMIONETA;CHEVROLET;D-MAX E4 CC 2.5D 4WD DAB;2017;177788;Contado
XN-6020;FURGON;RENAULT;KANGOO EXPRESS EMPRESA;2017;23115;Contado
GRYY-16;STATION WAGON;HONDA;CR-V EXL 2.4 AUT 4X4;2017;143208;1ra. Cuota
DZBK-20;MINIBUS PARTICULAR;VOLKSWAGEN;TRANSPORTER KOMBI (3+3+3);2017;170588;Contado
VG-2190;CAMIONETA;NISSAN;D22 TERRANO AX D/C ABS SR;2017;33663;Contado
GTTK-12;CAMIONETA;MITSUBISHI;L200 KATANA CRT;2017;244388;Contado
HU-6608;CAMIONETA;TOYOTA;HILUX C/S 1.8 STD;2017;23115;Contado
BDKG-98;CAMIONETA;SSANGYONG;A.SPORTS 4X2 AC;2017;31232;1ra. Cuota
DVJK-94;AUTOMOVIL;CHEVROLET;AVEO III HB 5P 1.4 BASE;2017;22632;1ra. Cuota
ND-7307;CAMIONETA;TOYOTA;HILUX D/C DLX;2017;23115;Contado
NX-5142;CAMIONETA;CHEVROLET;LUV 2.3 D/C;2017;23115;Contado
UC-8062;STATION WAGON;MITSUBISHI;PAJERO 2.5 AUT;2017;23115;Contado
HTYW-58;STATION WAGON;BRILLIANCE;V5 1.5TMT SPORT TURBO E5;2017;63394;1ra. Cuota
GGZZ-59;CAMIONETA;FIAT;STRADA 1.6 D/C MT ADVENTU;2017;112388;Contado
YK-7046;CAMIONETA;NISSAN;TERRANO AX TDI 4X4 SV;2017;23832;1ra. Cuota
NA-2825;AUTOMOVIL;DAEWOO;RACER 1.5 ETI;2017;23115;Contado
GTYF-82;STATION WAGON;RENAULT;DUSTER EXPRESSION 4X2 MT;2017;93188;Contado
YV-1009;CAMIONETA;KIA MOTORS;FRONTIER II 2.5 PLUS DCDH;2017;24732;1ra. Cuota
CBPH-42;CAMIONETA;GREAT WALL;DEER 4X2 SE;2017;23115;Contado
GDBG-15;AUTOMOVIL;HYUNDAI;I-10 1.1 FL GLS;2017;48263;Contado
TL-5330;AUTOMOVIL;HYUNDAI;ACCENT 1.3 L;2017;23115;Contado
DZVS-68;AUTOMOVIL;SUZUKI;ALTO 800 GL2;2017;23115;Contado
TY-5465;CAMIONETA;HYUNDAI;PORTER;2017;23115;Contado
CJCK-32;CAMIONETA;NISSAN;TERRANO PICK UP DXS;2017;100988;Contado
FZGX-47;AUTOMOVIL;HYUNDAI;I-10 1.1 FL GLS (BASE);2017;22032;1ra. Cuota
CGPL-65;CAMIONETA;GREAT WALL;DEER 4X2 SC;2017;23115;Contado
XF-5916;CAMIONETA;TOYOTA;HILUX D/C DLX;2017;24500;Contado
SR-7192;CAMIONETA;KIA MOTORS;FRONTIER DLX C/S;2017;23115;Contado
DBHK-63;CAMIONETA;NISSAN;TERRANO PICK UP DXS;2017;60544;1ra. Cuota
FLCC-52;CAMIONETA;KIA MOTORS;FRONTIER CHC 2.5 CRDI MEC;2017;169988;Contado
HSRL-61;AUTOMOVIL;NISSAN;MARCH ACTIVE MT;2017;82663;Contado
UC-8345;CAMIONETA;MAZDA;B2900 DC SDX 4X4;2016;18420;2da. Cuota
UC-8345;CAMIONETA;MAZDA;B2900 DC SDX 4X4;2017;29863;Contado
HSRP-63;STATION WAGON;FORD;ECOSPORT TITANIUM 1.6L;2017;178988;Contado
FBLZ-60;CAMIONETA;CHEVROLET;D-MAX E4 CC 2.5D WT;2017;144188;Contado
UC-7014;STATION WAGON;HYUNDAI;VAN H-1 HSV 7 4X4;2017;36063;Contado
WZ-8700;AUTOMOVIL;SUZUKI;ALTO GL;2017;23115;Contado
DF-9613;CAMIONETA;TOYOTA;HILUX C/S DLX;2017;23115;Contado
RJ-9778;CAMIONETA;CHEVROLET;LUV 2.3 STD DL;2017;23115;Contado
UX-9856;CAMIONETA;FORD;RANGER XLC/C 4X2 DSL 2.8L;2017;23600;Contado
HCFF-74;CAMIONETA;TOYOTA;HILUX  F#5GPS;2017;296815;Contado
GGFS-55;STATION WAGON;CITROEN;BERLINGO MULTISPACE HDI 1;2017;157688;Contado
YRB-561;CARRO ARRASTRE;HECHIZO;REMOLQUE;2017;23115;Contado
UC-3464;STATION WAGON;LAND ROVER;FREELANDER;2017;27863;Contado
TC-7477;CAMIONETA;CHEVROLET;LUV 2.3 D/C PREMIER;2017;23115;Contado
XS-9058;CAMIONETA;FORD;RANGER XLTC/C 4X2 2.8L;2017;29063;Contado
YX-4095;AUTOMOVIL;VOLKSWAGEN;GOL SPORT 1.6/95 3P;2017;23115;Contado
ZX-1624;AUTOMOVIL;FIAT;SIENA FIRE 16V CLASS;2017;23115;Contado
WW-7192;CAMIONETA;MITSUBISHI;L200 D/C TD KATANA CRL 4X;2017;33332;1ra. Cuota
DT-8045;CAMIONETA;CHEVROLET;LUV 1.6 STD;2017;23115;Contado
UD-7564;JEEP;HYUNDAI;GALLOPER XL SW TDI;2017;28063;Contado
HLTB-42;AUTOMOVIL;BYD;F0 G-I 1.0 EV;2017;47063;Contado
XG-2438;AUTOMOVIL;PEUGEOT;206 XR 1.4 AB;2017;11557;1ra. Cuota
XR-9463;MINIBUS PARTICULAR;HYUNDAI;H-1 SVX AC MINIBUS;2017;28532;1ra. Cuota
CRVZ-53;AUTOMOVIL;SUZUKI;ALTO K10 1.0 DLX;2017;23600;Contado
YX-3976;STATION WAGON;KIA MOTORS;CARENS DSL LX 2.0 MT;2017;38863;Contado
BKKY-81;AUTOMOVIL;KIA MOTORS;MORNING II EX 5DR 1.1 DH;2017;25400;Contado
UZ-5230;AUTOMOVIL;KIA MOTORS;RIO 1.3 LS DH;2017;11557;1ra. Cuota
ZE-4234;STATION WAGON;NISSAN;TERRANO WAGON;2017;23115;Contado
TB-4424;CAMIONETA;KIA MOTORS;FRONTIER DLX C/S;2017;23115;Contado
NJ-3014;CAMIONETA;TOYOTA;HILUX D/C STD;2017;23115;Contado
YW-7013;CAMIONETA;NISSAN;TERRANO PICK UP AXS;2017;62063;Contado
JDXC-27;AUTOMOVIL;VOLKSWAGEN;VOYAGE 1.6;2017;53342;1ra. Cuota
UZ-4458;CAMIONETA;MITSUBISHI;L200 D/C DIESEL GL 4X4;2017;25200;Contado
BKTX-56;STATION WAGON;SUZUKI;GRAND VITARA GLX;2017;57463;Contado
CGZB-31;CAMIONETA;KIA MOTORS;FRONTIER DC 2.5 CRDI MEC;2017;135488;Contado
PZ-3103;CAMIONETA;TOYOTA;HILUX D/C STD;2017;23115;Contado
GKJP-91;AUTOMOVIL;CHEVROLET;SAIL E5 NB 1.4 LT;2017;75063;Contado
FFCH-26;AUTOMOVIL;SUZUKI;ALTO 800 GL2;2017;23115;Contado
GTTT-82;STATION WAGON;MAHINDRA;SCORPIO SUV 4X4 CRDE EV;2017;71194;1ra. Cuota
JBWY-91;STATION WAGON;FORD;ECOSPORT TITANIUM 1.6L;2017;105027;1ra. Cuota
CBPD-99;AUTOMOVIL;KIA MOTORS;MORNING II LX 5DR 1.1 DH;2017;24900;Contado
XW-2144;STATION WAGON;MITSUBISHI;MONTERO SPORT GL DIESEL;2017;76663;Contado
TU-8565;JEEP;SUZUKI;GRAND VITARA JLX;2017;23115;Contado
NF-4419;FURGON;ASIA MOTORS;TOPIC;2017;23115;Contado
UY-2077;TODO TERRENO;SUZUKI;VITARA RUGBY;2017;25200;Contado
HFRZ-81;AUTOMOVIL;CHEVROLET;SPARK GT E5 1.2 MT LT BT;2017;62663;Contado
GBRW-15;CAMIONETA;MAHINDRA;PIK-UP XL D/C 4X4 EIV;2017;57544;1ra. Cuota
CKKF-71;CAMIONETA;TOYOTA;HILUX DIESEL 4X4 A/A;2017;118088;Contado
BZSH-43;STATION WAGON;TOYOTA;ADVANTAGE RAV4 4X2;2017;90488;Contado
BKCV-65;CAMIONETA;MAZDA;BT-50 DC 4X2 DX;2017;57863;Contado
HTZC-24;AUTOMOVIL;FIAT;UNO WAY 1.4 EVO 5P;2017;50044;1ra. Cuota
CKPP-53;CAMIONETA;MITSUBISHI;L200 D/C TD KATANA CRL 4X;2017;92888;Contado
UT-7278;JEEP;LAND ROVER;FREELANDER;2017;33663;Contado
WV-4458;STATION WAGON;DAIHATSU;TERIOS 4X4 LUJO ABS AA;2017;57263;Contado
DDZS-12;FURGON;PEUGEOT;PARTNER M59 HDI 1.6 DA AA;2017;26232;1ra. Cuota
BPPB-94;CAMIONETA;NISSAN;TERRANO PICK UP/DXS;2017;29332;1ra. Cuota
DRZC-21;CAMIONETA;TOYOTA;NEW HILUX DIESEL 4X4 FULL;2017;276815;Contado
WW-9483;FURGON;RENAULT;KANGOO EXPRESS EMPRESA;2017;12900;1ra. Cuota
DCCZ-23;CAMIONETA;MAZDA;BT-50 2.5 DC SDX ABS MT 4;2017;129788;Contado
FGGF-72;CAMIONETA;SSANGYONG;NEW A.SPORTS 4X2 2AB ABS;2017;95644;1ra. Cuota
HCHG-30;AMBULANCIA;VOLKSWAGEN;CRAFTER 35 MWB NR AA;2017;414015;Contado
GYPJ-46;MINIBUS PARTICULAR;NISSAN;NV350 S-LONG DX MT 12 PSJ;2017;330015;Contado
FYYY-72;AMBULANCIA;TOYOTA;HILUX 4X4 2.5;2017;247388;Contado
GBSC-41;CAMIONETA;NISSAN;TERRANO DXS TURBO DSEL 4X;2017;165488;Contado
FTSK-31;CAMIONETA;NISSAN;TERRANO DX TURBO DIESEL 4;2017;76144;1ra. Cuota
BSYV-54;CAMIONETA;MAZDA;BT-50 DC 4X2 DX;2017;57863;Contado
BSTG-76;STATION WAGON;DAIHATSU;TERIOS 4X2 LUJO ABS AA;2017;54263;Contado
FTSK-32;CAMIONETA;NISSAN;TERRANO DX TURBO DIESEL 4;2017;76144;1ra. Cuota
ZU-2699;CAMIONETA;CHEVROLET;MONTANA RC 1.8 DH;2017;24500;Contado
UY-6856;CAMIONETA;CHEVROLET;LUV 2.2 C/C MILII 1T 2WD;2017;23115;Contado
SF-7995;CAMIONETA;MAZDA;B2500 CREW CAB SDX 4WD;2017;12350;1ra. Cuota
XJ-9260;CAMIONETA;MITSUBISHI;L200 D/C DIESEL GL 4X2;2017;27000;Contado
YX-5196;FURGON;PEUGEOT;PARTNER TOLE M59 DA PL;2017;24900;Contado
DWPK-50;CAMIONETA;NISSAN;NAVARA SE 4X4 LSD;2017;81544;1ra. Cuota
VU-8855;JEEP;NISSAN;TERRANO WAGON;2017;23115;Contado
DTCV-56;CAMIONETA;NISSAN;TERRANO 4X2 CUBRE PIK UP;2017;72663;Contado
XG-2758;CAMIONETA;MITSUBISHI;L200 D/C TURBO D. GLS 4X4;2017;42463;Contado
GWKT-30;CAMIONETA;MITSUBISHI;L200 KATANA CR;2017;104194;1ra. Cuota
ZT-6921;CAMIONETA;TOYOTA;HILUX DIESEL SR 4X2;2017;57463;Contado
HVLS-14;AUTOMOVIL;CHEVROLET;CRUZE NB LS 1.8 MT;2017;110588;Contado
DBDT-35;CAMIONETA;NISSAN;TERRANO 4X2 CUBRE PIK UP;2017;63063;Contado
PN-8944;JEEP;SUZUKI;VITARA STD 1.6 IJX;2017;23115;Contado
SH-2547;STATION WAGON;SUZUKI;GRAND VITARA JLX;2017;23115;Contado
BVTL-11;AUTOMOVIL;HYUNDAI;GETZ FL 1.4 GL 2AB;2017;33263;Contado
FTBW-89;CAMIONETA;MAHINDRA;GENIO PU SC 4X2 MT FULL C;2017;110888;Contado
VP-6712;CAMIONETA;CHEVROLET;LUV 2.2L C/C GL 111HP 2WD;2017;11557;1ra. Cuota
YA-3836;CAMIONETA;TOYOTA;HILUX DIESEL DX;2017;20632;1ra. Cuota
RG-3184;CAMIONETA;CHEVROLET;LUV 2.3 DLX;2017;11557;1ra. Cuota
XL-8382;CAMIONETA;MITSUBISHI;L200 D/C DIESEL GL 4X2;2017;27000;Contado
UP-2742;CAMIONETA;MAZDA;B2900 SDX 4X2;2017;25600;Contado
HTZJ-70;CAMIONETA;FORD;RANGER DIESEL 4X4 XLT;2017;240408;1ra. Cuota
CKPL-48;CAMIONETA;FORD;RANGER XLT 4X4 2.5L DSL;2017;73294;1ra. Cuota
SN-4331;CAMIONETA;KIA MOTORS;CERES C/PICK UP 4WD;2017;23115;Contado
FLJR-79;AUTOMOVIL;SUZUKI;ALTO K10 1.0 GL;2017;27500;Contado
YRV-021;CARRO ARRASTRE;HECHIZO;HECHIZO;2017;23115;Contado
HCVH-76;CAMIONETA;MAHINDRA;PIK-UP DC 4X4 FULL E5;2017;192488;Contado
BCFW-92;AUTOMOVIL;SUZUKI;ALTO DLX;2017;23115;Contado
MY-4675;CAMIONETA;KIA MOTORS;FRONTIER II H/D PLUS DH;2017;52663;Contado
DJ-4803;JEEP;DAIHATSU;FEROZA 16 VAL 4WD;2017;11557;1ra. Cuota
PT-7546;JEEP;SUZUKI;SAMURAI II T.MET.;2017;23115;Contado
WZ-7649;STATION WAGON;KIA MOTORS;SPORTAGE PRO II LX 4X4 DA;2017;29032;1ra. Cuota
CJK-065;MOTO;MOTORRAD;TTX 250 LIMITED (XRE300);2017;23115;Contado
HBVV-65;AUTOMOVIL;SUZUKI;ALTO 800 GL;2017;32063;Contado
TZ-4205;JEEP;SUZUKI;GRAND VITARA JLX;2017;11650;1ra. Cuota
WG-2027;AUTOMOVIL;CHEVROLET;SPARK LT HB 1.0 MT;2017;23115;Contado
XX-9347;CAMIONETA;TOYOTA;HILUX D/C STD 4WD;2017;34263;Contado
CLYG-13;JEEP;SUZUKI;GRAND VITARA GLX SPORT;2017;77263;Contado
UU-7978;CAMIONETA;CHEVROLET;LUV 2.8L C/C GLS TD 4WD;2017;11557;1ra. Cuota
HHKR-11;CAMIONETA;MITSUBISHI;L200 KATANA CRM;2017;235688;Contado
HHRK-52;CAMIONETA;KIA MOTORS;FRONTIER CHC 2.5 CRDI MEC;2017;232688;Contado
ZV-6598;STATION WAGON;SUBARU;NEW OUTBACK 2.5 AWD AT 3W;2017;32932;1ra. Cuota
HFVF-13;CAMIONETA;MITSUBISHI;L200 KATANA CRT;2017;244388;Contado
FRYC-62;STATION WAGON;MAHINDRA;SCORPIO SUV 4X4 CRDE FULL;2017;120788;Contado
BCXL-69;AUTOMOVIL;HYUNDAI;ACCENT MC 1.6 GLS;2017;36063;Contado
CFLZ-79;CAMIONETA;NISSAN;TERRANO DX TDI 4X4 SV;2017;51994;1ra. Cuota
KS-3000;AUTOMOVIL;CITROEN;BX 19 GTI;2017;23115;Contado
CJTZ-78;CAMIONETA;CHEVROLET;D-MAX TH CC 3.0D 4WD DAB;2017;48244;1ra. Cuota
SL-6213;CAMIONETA;CHEVROLET;LUV 2.3 DLXS;2017;23115;Contado
HSRD-99;CAMIONETA;TOYOTA;NEW HILUX AT-EG10 SRV;2017;619557;Contado
YRV-017;CARRO ARRASTRE;HECHIZO;HECHIZO;2017;23115;Contado
NE-6049;AUTOMOVIL;B.M.W.;535 IA;2017;23115;Contado
DTCV-85;AUTOMOVIL;BRILLIANCE;FRV COMFORTABLE HB 1.5L;2017;49863;Contado
GY-9785;JEEP;CHEVROLET;TROOPER 2.6;2017;23115;Contado
RY-7251;JEEP;SUZUKI;SAMURAI II T.LONA;2017;23115;Contado
FDDW-41;STATION WAGON;KIA MOTORS;SPORTAGE LX MEC AB ABS 4X;2017;57244;1ra. Cuota
DZVT-70;CAMIONETA;GREAT WALL;WINGLE 5 2.0 DIESEL ABP;2017;72663;Contado
BSKT-21;CAMIONETA;NISSAN;TERRANO DX TDI 4X4 SV;2017;71263;Contado
DGXW-84;CAMIONETA;NISSAN;TERRANO DX 4X2;2017;82463;Contado
GYPJ-45;FURGON;NISSAN;NV350 LONG DX MT;2017;281615;Contado
HYBH-52;STATION WAGON;BRILLIANCE;V3 SUV 1.5 MT 4X2 G ELT;2017;136688;Contado
XD-2001;STATION WAGON;HONDA;CR-V LX 2WD;2017;47463;Contado
GFVR-65;CAMIONETA;MITSUBISHI;L200 KATANA CRT;2017;202688;Contado
XL-1080;STATION WAGON;SUZUKI;GRAND NOMADE 2.0 4X4;2017;33863;Contado
FKKC-31;STATION WAGON;MAHINDRA;SCORPIO SUV 4X2 CRDE;2017;43594;1ra. Cuota
HRDK-92;CAMIONETA;HYUNDAI;PORTER STDTD CHASSIS PS;2017;28663;Contado
JDWT-34;AUTOMOVIL;HYUNDAI;EON HA 5DR 0.8 5M/T GL;2017;29737;1ra. Cuota
VA-6159;AUTOMOVIL;SUZUKI;MARUTI 308;2017;23115;Contado
RG-4349;STATION WAGON;SUBARU;LEGACY 2.0 LX TW;2017;23115;Contado
HZZJ-52;CAMIONETA;MAHINDRA;PIK-UP XL D/C 4X2 2AB ABS;2017;93994;1ra. Cuota
CGPT-53;STATION WAGON;DAIHATSU;TERIOS 4X2 LUJO ABS AA;2017;76341;Contado
SR-8864;CAMIONETA;HYUNDAI;PORTER SUPER AU;2017;23508;Contado
ZY-3442;CAMIONETA;DODGE;DAKOTA QUAD CAB 3.7 4X4;2017;49288;Contado
BBHF-72;FURGON;PEUGEOT;PARTNER M59 HDI 1.6 DA;2017;30372;Contado
ZV-6585;STATION WAGON;DAIHATSU;TERIOS 4X2 1AB;2017;28745;Contado
VH-8570;CAMIONETA;CHEVROLET;LUV 2.8L C/C GLS TD 2WD;2017;23508;Contado
BHDZ-52;CAMIONETA;NISSAN;TERRANO AX 4X2 D/C;2017;62307;Contado
YRV-018;CARRO ARRASTRE;HECHIZO;HECHIZO;2016;27667;Contado
YRV-018;CARRO ARRASTRE;HECHIZO;HECHIZO;2017;23508;Contado
FZSV-76;AUTOMOVIL;CHEVROLET;SPARK GT II 1.2 MT LT BT;2017;51729;Contado
ZJ-8893;STATION WAGON;HYUNDAI;TERRACAN F/L 2.9 GL 2AB;2017;71663;Contado
FDFF-24;CAMIONETA;NISSAN;TERRANO DXS D CAB 4X4 2.5;2017;142678;Contado
UX-9653;AUTOMOVIL;SUBARU;LEGACY 2.0I AWD GT PA AT;2017;29151;Contado
LF-5574;CAMIONETA;CHEVROLET;LUV 2.3 D/C;2017;23508;Contado
RE-2348;CAMIONETA;KIA MOTORS;K-2400 10S C/S PQ;2017;23508;Contado
CKVD-97;FURGON;FIAT;FIORINO;2017;26036;Contado
YH-1321;CAMIONETA;TOYOTA;HILUX DIESEL DX;2017;41966;Contado
GJSW-64;STATION WAGON;HYUNDAI;SANTA FE DM2.2 CRDI GLS 2;2017;330753;Contado
TS-3573;AUTOMOVIL;CHEVROLET;CORSA EXTRA ML 1.6L ST CD;2017;23508;Contado
DJ-6468;CAMIONETA;CHEVROLET;LUV 1.6 D/C;2017;23508;Contado
WW-3410;AUTOMOVIL;SUZUKI;MARUTI;2017;23508;Contado
ZE-4651;STATION WAGON;NISSAN;TERRANO WAGON;2017;23508;Contado
GRZW-53;CAMIONETA;FORD;RANGER DIESEL 4X4 XLT;2017;415777;Contado
DLHY-86;CAMIONETA;TOYOTA;NEW HILUX DIESEL 4X4 FULL;2017;242752;Contado
WF-7433;JEEP;SUZUKI;JIMNY JLXH;2017;37898;Contado
DZBZ-81;CAMIONETA;NISSAN;TERRANO DX TURBO DIESEL 4;2017;127422;Contado
FXPV-15;CAMIONETA;HYUNDAI;PORTER STDTD CHASSIS PS;2017;34643;Contado
BZFK-31;CAMIONETA;HYUNDAI;PORTER HR STD PS ELWBDVAN;2017;67188;Contado
FPFZ-30;CAMIONETA;TOYOTA;NEW HILUX DIESEL 4X4;2017;228718;Contado
TL-1053;AUTOMOVIL;SUZUKI;MARUTI 308 GL;2017;23508;Contado
FL-3141;AUTOMOVIL;MAZDA;323 SEDAN GLX;2017;23508;Contado
NL-9309;AUTOMOVIL;TOYOTA;NEW TERCEL XLI;2017;23508;Contado
PZ-1208;JEEP;SUZUKI;VITARA STD 1.6 IJX;2016;12968;2da. Cuota
PZ-1208;JEEP;SUZUKI;VITARA STD 1.6 IJX;2017;23508;Contado
WA-9929;CAMIONETA;NISSAN;TERRANO DX TDI 4X4;2017;51729;Contado
DLZG-65;CAMIONETA;CHEVROLET;D-MAX E4 CC 2.5D 4WD DAB;2017;148169;Contado
WE-4497;MINIBUS PARTICULAR;HYUNDAI;H-1 SVX MINIBUS;2017;51322;Contado
PL-9021;STATION WAGON;SUBARU;LEGACY 2.0 TW 4WD GL;2017;23115;Contado
UG-5586;STATION WAGON;SUBARU;FORESTER 2.0I AWDGL BS/BA;2017;13700;1ra. Cuota
BTVP-19;STATION WAGON;FORD;EXPLORER XLT 4X2 COMFORT;2017;53944;1ra. Cuota
DPPZ-58;STATION WAGON;MAHINDRA;SCORPIO SUV 4X2 CRDE;2017;76663;Contado
BVDJ-91;CAMIONETA;NISSAN;TERRANO PICK UP/DXS;2017;64263;Contado
PN-8478;CAMIONETA;TOYOTA;HILUX D/C DLX;2017;23115;Contado
CRVZ-89;STATION WAGON;HYUNDAI;NEW TUCSON LM 2.0 CRDI GL 2WD;2017;196088;Contado
BXBL-63;AUTOMOVIL;SUZUKI;MARUTI GL;2017;23115;Contado
CCFJ-33;STATION WAGON;SUZUKI;JIMNY 1.3 JLX SPORT;2017;28932;1ra. Cuota
FSRS-82;STATION WAGON;NISSAN;X-TRAIL  X 4X4  6AB;2017;185588;Contado
DCGW-11;CAMIONETA;NISSAN;TERRANO DX TDI 4X4;2017;56944;1ra. Cuota
RS-8324;AUTOMOVIL;SUBARU;FORESTER 2.0 GL 4WD ABABS;2017;23114;Contado
CBLL-93;CAMIONETA;MITSUBISHI;L200 D/C TD KATANA CRM 4X;2017;42544;1ra. Cuota
DKPK-53;CAMIONETA;MITSUBISHI;L200 D/C TD DAKAR CRS MT;2017;90544;1ra. Cuota
CYXF-20;CAMIONETA;MAHINDRA;PIK UP XL D/C 4X4 CRDE;2017;70863;Contado
CKWC-44;CAMIONETA;TATA;XENON 2.2 LHD 4X4;2017;68063;Contado
CBPV-31;STATION WAGON;CHEVROLET;CAPTIVA LS 2.4L 6AB;2017;96488;Contado
CDVY-80;AUTOMOVIL;TOYOTA;URBAN CRUISER;2017;66663;Contado
BLPJ-76;CAMIONETA;MITSUBISHI;L200 D/C TD KATANA CRM 4X;2017;42544;1ra. Cuota
CLFY-89;AUTOMOVIL;TOYOTA;YARIS SPORT XLI DAB;2017;25932;1ra. Cuota
BKTX-61;STATION WAGON;FORD;ECOSPORT XLS;2017;23132;1ra. Cuota
TY-7523;AUTOMOVIL;MERCEDES BENZ;200 C;2017;43663;Contado
GVYX-83;AUTOMOVIL;SUZUKI;CELERIO 1.0 GA;2017;24732;1ra. Cuota
DCF-067;CUATRIMOTO;CF MOTO;TERRALANDER 800;2017;60863;Contado
NU-5331;AUTOMOVIL;SUZUKI;ALTO YL 4H;2017;23115;Contado
WW-6479;STATION WAGON;CITROEN;BERLINGO MULTISPACE 2AB;2017;31863;Contado
DJDG-98;CAMIONETA;TOYOTA;NEW HILUX DIESEL 4X4;2017;97444;1ra. Cuota
CRBJ-26;CAMIONETA;CHEVROLET;D-MAX TH CC 3.0D 4WD DAB;2017;48244;1ra. Cuota
CVSV-63;STATION WAGON;KIA MOTORS;SPORTAGE LX MEC AC DAB AB;2017;112988;Contado
FCJR-49;CAMIONETA;CHEVROLET;D-MAX E4 CC 2.5D 4WD DAB;2017;72844;1ra. Cuota
FRGV-46;CAMIONETA;TOYOTA;NEW HILUX DIESEL 4X4 FULL;2017;138408;1ra. Cuota
DVKZ-38;FURGON;HYUNDAI;NEW H-1 FURGON GL CRDI 3S;2017;156788;Contado
FKWJ-55;CAMIONETA;KIA MOTORS;FRONTIER CHC 2.5 CRDI MEC;2017;169988;Contado
FZVZ-72;CAMIONETA;NISSAN;NAVARA SE 4X4;2017;193688;Contado
DDFK-17;FURGON;CITROEN;BERLINGO C VU HDI 92 BVM;2017;143288;Contado
FDGR-97;FURGON;CITROEN;BERLINGO B9 VU HDI 90 COR;2017;81663;Contado
ZX-2123;FURGON;MITSUBISHI;L300 FURGON DIESEL;2017;34863;Contado
ZX-3110;FURGON;MITSUBISHI;L300 FURGON DIESEL;2017;34863;Contado
BYDG-55;STATION WAGON;DAIHATSU;TERIOS 4X2 XL T2D11;2017;59463;Contado
BGCJ-55;STATION WAGON;LAND ROVER;RANGE ROVER SPORT V8 S/C;2017;258408;1ra. Cuota
UH-6111;AUTOMOVIL;VOLKSWAGEN;GOL SPORT;2017;23115;Contado
RX-9892;CAMIONETA;TOYOTA;HILUX D/C DLX;2017;23115;Contado
CPTL-59;AUTOMOVIL;CHEVROLET;SPARK GT HB 1.2 MT LT SPO;2017;41863;Contado
RJ-9298;AUTOMOVIL;MITSUBISHI;LANCER 1.6 GLXI;2017;11557;1ra. Cuota
CCFY-54;CAMIONETA;NISSAN;TERRANO PICK UP/DXS;2017;73863;Contado
DFDH-81;CAMIONETA;MITSUBISHI;L200 D/C TD KATANA CRT 4X;2017;119288;Contado
DXXW-96;STATION WAGON;JEEP;WRANGLER UNLIMITED SAHARA;2017;289615;Contado
TY-3455;CAMIONETA;TOYOTA;HILUX D/C DLX 4WD;2017;25900;Contado
HBSX-52;STATION WAGON;HYUNDAI;TUCSON LM P/E 5DR CRDI GL;2017;129394;1ra. Cuota
YE-3151;AUTOMOVIL;FIAT;UNO FIRE;2017;23115;Contado
NE-3508;CAMIONETA;NISSAN;D/C 4WD;2017;23115;Contado
FFWL-95;CAMIONETA;CHEVROLET;COLORADO II CC 3.7 4WD AT;2017;86794;1ra. Cuota
DCWC-90;AUTOMOVIL;SUZUKI;ALTO 800 GL2;2017;23115;Contado
VZ-1045;CAMIONETA;KIA MOTORS;FRONTIER 2.7 PLUSDC DH4X4;2017;39463;Contado
HGSB-76;AUTOMOVIL;CHEVROLET;SAIL II NB 1.4;2017;31532;1ra. Cuota
CWCR-39;CAMIONETA;TATA;XENON 2.2 LHD 4X4;2017;68063;Contado
ZA-5224;CAMIONETA;CHEVROLET;S10 APACHE CC 2.8D AC;2017;37263;Contado
BGRT-98;AUTOMOVIL;MITSUBISHI;LANCER R/GT;2017;71063;Contado
CDTZ-69;CAMIONETA;TOYOTA;4RUNNER LIMITED 4X4;2017;190579;Contado
DBKX-29;CAMIONETA;FIAT;STRADA 1.4 C/EXT MT WORKI;2017;52263;Contado
KJ-4937;JEEP;DAIHATSU;FEROZA 16 VAL 4WD;2017;23115;Contado
SD-8237;CAMIONETA;MAZDA;B2500 CREW CAB SDX 4WD;2017;24700;Contado
GSTR-19;CAMIONETA;NISSAN;NAVARA SE 4X4;2017;125344;1ra. Cuota
KU-7829;CAMIONETA;CHEVROLET;LUV 2.3 D/C;2017;11557;1ra. Cuota
FLBF-61;CAMIONETA;TOYOTA;TUNDRA  4X4;2017;294815;Contado
BGJZ-73;JEEP;JEEP;COMMANDER SPORT 3.7;2017;141188;Contado
CDWS-43;STATION WAGON;B.M.W.;X5 XDRIVE 48I;2017;453215;Contado
CRGS-77;CAMIONETA;TOYOTA;HILUX DIESEL 4X2 A/A;2017;103388;Contado
VB-3067;CAMIONETA;MAZDA;B2900 SDX 4X2;2017;28863;Contado
YA-3742;CAMIONETA;TOYOTA;HILUX DIESEL DX;2017;20632;1ra. Cuota
RA-3696;AUTOMOVIL;HYUNDAI;SONATA 2.0 GL;2017;23115;Contado
VP-1559;MINIBUS PARTICULAR;KIA MOTORS;BESTA ULTRA ESC 3.0 MT;2017;44063;Contado
DCVS-61;AUTOMOVIL;KIA MOTORS;RIO JB EX 5D DH DAB;2017;25232;1ra. Cuota
UC-6938;AUTOMOVIL;SUZUKI;MARUTI 308 GL;2017;11557;1ra. Cuota
GTTZ-96;CAMIONETA;SSANGYONG;A.SPORTS 4X4 AC;2017;100594;1ra. Cuota
FJHP-29;CAMIONETA;CHEVROLET;D-MAX E4 CC 2.5D 4WD DA A;2017;92044;1ra. Cuota
VC-7399;FURGON;PEUGEOT;BOXER TOLE 270 C DH;2017;23115;Contado
CJWX-66;AUTOMOVIL;SUZUKI;SWIFT 1.3 GA;2017;21632;1ra. Cuota
RP-2107;JEEP;DAIHATSU;FEROZA SP;2017;11557;1ra. Cuota
DLCT-45;STATION WAGON;JAC;REIN II 2.0 4X2 CE;2017;47463;Contado
VZ-9148;AUTOMOVIL;HYUNDAI;ACCENT GL;2017;23115;Contado
FVJH-75;AUTOMOVIL;CHEVROLET;SPARK GT HB 1.2 MT LT AC;2017;52463;Contado
HRPX-14;STATION WAGON;HONDA;PILOT EXL 3.5 AUT 4X4;2017;321254;1ra. Cuota
BHTF-87;STATION WAGON;SUZUKI;GRAND NOMADE 2.0 GLX 4X4;2017;72063;Contado
PB-5445;JEEP;DAIHATSU;FEROZA 16 VAL 4WD;2017;11557;1ra. Cuota
DPLB-31;CAMIONETA;TOYOTA;HILUX DIESEL 4X2 A/A;2017;81244;1ra. Cuota
GKPD-18;AUTOMOVIL;CHEVROLET;OPTRA II LS NB 1.6 MT AC;2017;16032;1ra. Cuota
DSS-015;MOTO;MV AGUSTA;F4 1000RR ABS;2017;252208;1ra. Cuota
GXPW-76;CAMIONETA;DODGE;RAM 5.7 1500 SPORT REG CA;2017;215408;1ra. Cuota
UC-8698;CAMIONETA;CHEVROLET;LUV 2.2 C/C MILII 1T 2WD;2017;23508;Contado
TX-2164;CAMIONETA;MAZDA;B2500 DC DX DIES 4WD;2017;23799;Contado
HGSH-36;STATION WAGON;SUZUKI;JIMNY 1.3 JLX;2017;95080;Contado
VX-6278;FURGON;PEUGEOT;PARTNER TOLE;2017;23508;Contado
ZS-2038;STATION WAGON;SUZUKI;GRAND NOMADE SPEC EDITION;2017;52950;Contado
FHFW-58;AUTOMOVIL;KIA MOTORS;MORNING EX 1.2 MT DH AB;2017;52542;Contado
BTXF-46;CAMIONETA;MAZDA;BT-50 2.5 CS 4X2 FULL;2017;63324;Contado
NV-4173;CAMIONETA;CHEVROLET;LUV 2.3 STANDARD;2017;23508;Contado
DYWY-24;STATION WAGON;HYUNDAI;SANTA FE FL CM 2.4 GLS 2W;2017;168916;Contado
LN-8378;CAMIONETA;CHEVROLET;LUV 2.3 D/C;2017;23952;Contado
TJ-2631;CAMIONETA;MAZDA;B2500 DC DX DIES 4WD;2017;24246;Contado
SW-5682;STATION WAGON;SUBARU;FORESTER 2.0 5D AT AWD FA;2017;64516;Contado
YL-3328;CAMIONETA;MITSUBISHI;L200 D/C DIESEL GL 4X4;2017;46072;Contado
JGRW-31;MINIBUS;HYUNDAI;H-1 MS 2.5 CRDI 6M/T GLS 10S AC 2AB;2017;46368;Contado
PU-5887;AUTOMOVIL;KIA MOTORS;PRIDE 1.1 SL AC;2017;23952;Contado
CHWV-65;CAMIONETA;NISSAN;TERRANO AXS TURBO DSL 4X2;2017;94073;Contado
MY-3011;MINIBUS;HYUNDAI;H-1 SV 2.5;2017;46368;Contado
DDDB-20;BUS;MERCEDES BENZ;SPRINTER 413 CDI;2017;46368;Contado
BHVS-69;MINIBUS;MERCEDES BENZ;SPRINTER 313 CDI 15;2017;46368;Contado
HSGY-32;MINIBUS;TOYOTA;HIACE COMMUTER 3.0;2017;46368;Contado
DPJG-60;CAMIONETA;MITSUBISHI;L200 D/C TD KATANA CRT 4X;2017;150959;Contado
XY-2095;CAMIONETA;FIAT;STRADA PICK UP TURBO DIES;2017;23952;Contado
ZS-2254;MINIBUS;HYUNDAI;H1SVX 2.5;2017;46368;Contado
MY-2009;CAMIONETA;TOYOTA;HILUX DIESEL ALF;2017;63272;Contado
YC-2809;AUTOMOVIL;NISSAN;V16 EX SALOON STD COLOR;2017;24373;Contado
HBXR-59;BUS;MERCEDES BENZ;SPRINTER 515 CDI;2017;47158;Contado
XB-3596;MINIBUS ESCOLAR;MITSUBISHI;L-300;2017;47158;Contado
BYTF-92;MINIBUS;JAC;REFINE 2.8 MB 12P SE DIESEL;2017;47158;Contado
BDDP-69;AMBULANCIA;DODGE;RAM QUAD CAB LARAMIE 4X4;2017;149502;Contado
RL-8290;CAMIONETA;HYUNDAI;PORTER;2017;24373;Contado
YRV-024;CARRO ARRASTRE;FENDT;HOBBIT;2017;24373;Contado
DRPT-79;CAMION;MERCEDES BENZ;ATEGO 1725 48;2015;0;Contado
DRPT-79;CAMION;MERCEDES BENZ;ATEGO 1725 48;2016;0;Contado
CJKV-74;CARRO BOMBA;RENAULT;MIDLUM 240.13 4X4;2016;0;Contado
BDLB-96;AUTOMOVIL;HYUNDAI;GETZ FL 1.4 GL 2AB 3P;2017;29590;Contado
DLS-061;MOTO;MOTORRAD;TTX250 LIMITED (XRE);2017;24373;Contado
TX-6059;JEEP;SUZUKI;GRAND VITARA JLX;2017;23508;Contado
CDYT-55;CAMIONETA;CHEVROLET;MONTANA RC 1.8 DH II;2016;23306;2da. Cuota
XN-5913;STATION WAGON;SUZUKI;GRAND NOMADE 2.5 4X4;2016;25919;2da. Cuota
GTHZ-64;FURGON;BAIC;CARGO;2016;21545;2da. Cuota
NA-2769;CAMIONETA;TOYOTA;HILUX D/C DLX;2014;35933;Contado
NA-2769;CAMIONETA;TOYOTA;HILUX D/C DLX;2015;32075;Contado
NA-2769;CAMIONETA;TOYOTA;HILUX D/C DLX;2016;27667;Contado
UG-5667;AUTOMOVIL;NISSAN;SENTRA II XE;2017;24373;Contado
BVSV-74;MINIBUS;HYUNDAI;NEW H-1 GL 2500;2017;47950;Contado
WZ-9435;STATION WAGON;FORD;ECOSPORT XLT 2.0 4X4;2016;73401;Contado
WZ-9435;STATION WAGON;FORD;ECOSPORT XLT 2.0 4X4;2017;57452;Contado
GKPD-18;AUTOMOVIL;CHEVROLET;OPTRA II LS NB 1.6 MT AC;2017;16127;2da. Cuota
DXVB-50;CAMIONETA;NISSAN;TERRANO PICK UP DXS;2017;153985;Contado
GBRW-15;CAMIONETA;MAHINDRA;PIK-UP XL D/C 4X4 EIV;2017;57889;2da. Cuota
YRV-026;CARRO ARRASTRE;HECHIZO;HECHIZO;2017;23115;Contado
BYJD-21;CAMIONETA;NISSAN;TERRANO PICK UP/DXS;2017;34135;2da. Cuota
CFLZ-79;CAMIONETA;NISSAN;TERRANO DX TDI 4X4 SV;2017;52306;2da. Cuota
FTSK-32;CAMIONETA;NISSAN;TERRANO DX TURBO DIESEL 4;2017;76601;2da. Cuota
FTSK-31;CAMIONETA;NISSAN;TERRANO DX TURBO DIESEL 4;2017;76601;2da. Cuota
CCXB-31;AUTOMOVIL;CHEVROLET;CORSA III HB 5P 1.6 AC;2017;17737;2da. Cuota
JTCV-30;TRACTOR;SONALIKA;DI 26 4WD;2017;23324;Contado
WH-7320;CAMIONETA;KIA MOTORS;FRONTIER II 2.7 PLUS 4WD;2017;29004;2da. Cuota
JCJB-39;CAMIONETA;FORD;RANGER DIESEL 4X4 XL;2017;0;Contado
NL-5563;AUTOMOVIL;CITROEN;ZX REFLEX FLASH;2017;11626;2da. Cuota
WV-4864;CAMIONETA;NISSAN;TERRANO DX 4X4;2017;24477;2da. Cuota
DLBX-82;CAMIONETA;NISSAN;TERRANO DX TURBO DIESEL 4;2017;63020;2da. Cuota
WW-9483;FURGON;RENAULT;KANGOO EXPRESS EMPRESA;2017;12977;2da. Cuota
BVTJ-74;CAMIONETA;CHANGAN;S100;2017;24998;Contado
HVWV-32;STATION WAGON;SUBARU;FORESTER 2.0 DSL AWD CVT;2017;197384;2da. Cuota
CRBJ-26;CAMIONETA;CHEVROLET;D-MAX TH CC 3.0D 4WD DAB;2017;48533;2da. Cuota
CTVY-63;CAMIONETA;NISSAN;TERRANO PICK UP DXS;2017;60907;2da. Cuota
YA-3742;CAMIONETA;TOYOTA;HILUX DIESEL DX;2017;20755;2da. Cuota
KS-8974;CAMIONETA;CHEVROLET;LUV 2.3 D/C;2017;11626;2da. Cuota
CCFJ-33;STATION WAGON;SUZUKI;JIMNY 1.3 JLX SPORT;2017;29105;2da. Cuota
HTZC-24;AUTOMOVIL;FIAT;UNO WAY 1.4 EVO 5P;2017;50344;2da. Cuota
BKTX-61;STATION WAGON;FORD;ECOSPORT XLS;2017;23270;2da. Cuota
CFYT-21;CAMIONETA;DODGE;DAKOTA QUAD CAB LARAMIE 4;2017;58946;2da. Cuota
UG-5586;STATION WAGON;SUBARU;FORESTER 2.0I AWDGL BS/BA;2017;13782;2da. Cuota
FPKL-79;STATION WAGON;FORD;ECOSPORT TITANIUM 1.6L;2017;56531;2da. Cuota
HTYW-58;STATION WAGON;BRILLIANCE;V5 1.5TMT SPORT TURBO E5;2017;63774;2da. Cuota
GXPW-76;CAMIONETA;DODGE;RAM 5.7 1500 SPORT REG CA;2017;216699;2da. Cuota
TZ-4205;JEEP;SUZUKI;GRAND VITARA JLX;2017;11720;2da. Cuota
NJ-5925;CAMIONETA;CHEVROLET;LUV 2.3 STANDARD;2017;11626;2da. Cuota
UE-3808;AUTOMOVIL;NISSAN;V16 EX SALOON STD COLOR;2017;11626;2da. Cuota
JVCX-37;CAMIONETA;TOYOTA;HILUX 2.7 TM 4X2;2017;111215;Contado
FPBD-45;CAMIONETA;TOYOTA;NEW HILUX DIESEL 4X4 FULL;2017;139237;2da. Cuota
TZ-4144;CAMIONETA;TOYOTA;HILUX D/C DLX DIES BUT;2017;14417;2da. Cuota
HGSR-65;CAMIONETA;FIAT;STRADA 1.4 D/C MT WORKING;2017;55626;2da. Cuota
WW-7192;CAMIONETA;MITSUBISHI;L200 D/C TD KATANA CRL 4X;2017;33531;2da. Cuota
DDZS-12;FURGON;PEUGEOT;PARTNER M59 HDI 1.6 DA AA;2017;26388;2da. Cuota
XV-5748;STATION WAGON;HYUNDAI;TERRACAN 2.5 GL LE DSL;2017;28602;2da. Cuota
CZZH-45;CAMIONETA;CHEVROLET;D-MAX TH CC 3.0D 4WD DAB;2017;59549;2da. Cuota
FVRG-96;CAMIONETA;TOYOTA;NEW HILUX DIESEL 4X2 FULL;2017;96821;2da. Cuota
DWZV-13;CAMIONETA;TOYOTA;NEW HILUX DIESEL 4X4;2017;98029;2da. Cuota
XR-9463;MINIBUS PARTICULAR;HYUNDAI;H-1 SVX AC MINIBUS;2017;28702;2da. Cuota
FCJR-49;CAMIONETA;CHEVROLET;D-MAX E4 CC 2.5D 4WD DAB;2017;73281;2da. Cuota
FRGV-46;CAMIONETA;TOYOTA;NEW HILUX DIESEL 4X4 FULL;2017;139237;2da. Cuota
FJHP-29;CAMIONETA;CHEVROLET;D-MAX E4 CC 2.5D 4WD DA A;2017;92596;2da. Cuota
UU-7978;CAMIONETA;CHEVROLET;LUV 2.8L C/C GLS TD 4WD;2017;11626;2da. Cuota
CSCP-34;CAMIONETA;TOYOTA;HILUX DIESEL 4X2 A/A;2017;52004;2da. Cuota
BDKG-98;CAMIONETA;SSANGYONG;A.SPORTS 4X2 AC;2017;31418;2da. Cuota
HVJJ-74;STATION WAGON;TOYOTA;RAV4 SUPER LUJO 4X4 724ML;2017;158351;2da. Cuota
FVRH-56;CAMIONETA;HUANGHAI;STEED 2.2;2017;33430;2da. Cuota
JGJZ-64;STATION WAGON;GREAT WALL;HAVAL NEW H3 2.0;2017;90262;2da. Cuota
CFKR-58;AUTOMOVIL;SUZUKI;ALTO 800 GL;2017;11626;2da. Cuota
CKPL-48;CAMIONETA;FORD;RANGER XLT 4X4 2.5L DSL;2017;73734;2da. Cuota
HTZJ-70;CAMIONETA;FORD;RANGER DIESEL 4X4 XLT;2017;241849;2da. Cuota
HTHL-59;CAMIONETA;DFSK;TRUCK DCAB 1.5;2017;63384;2da. Cuota
YA-3836;CAMIONETA;TOYOTA;HILUX DIESEL DX;2017;20755;2da. Cuota
RG-3184;CAMIONETA;CHEVROLET;LUV 2.3 DLX;2017;11626;2da. Cuota
GXVW-86;CAMIONETA;MITSUBISHI;L200 KATANA CRT;2017;122927;2da. Cuota
HZZJ-52;CAMIONETA;MAHINDRA;PIK-UP XL D/C 4X2 2AB ABS;2017;94558;2da. Cuota
GRYZ-29;STATION WAGON;SUZUKI;APV MINVAN EURO4;2017;57587;2da. Cuota
PB-5445;JEEP;DAIHATSU;FEROZA 16 VAL 4WD;2017;11626;2da. Cuota
FZGX-47;AUTOMOVIL;HYUNDAI;I-10 1.1 FL GLS (BASE);2017;22163;2da. Cuota
UC-6938;AUTOMOVIL;SUZUKI;MARUTI 308 GL;2017;11626;2da. Cuota
DRTR-56;CAMIONETA;TOYOTA;NEW HILUX DIESEL 4X4;2017;98029;2da. Cuota
AM-0512;CUATRIMOTO;CF MOTO;CF625-X6;2017;33377;Contado
CFDR-64;STATION WAGON;SUZUKI;GRAND NOMADE GLX SPORT 4X;2017;44157;2da. Cuota
VP-6712;CAMIONETA;CHEVROLET;LUV 2.2L C/C GL 111HP 2WD;2017;11626;2da. Cuota
DWPK-50;CAMIONETA;NISSAN;NAVARA SE 4X4 LSD;2017;82033;2da. Cuota
JBWY-91;STATION WAGON;FORD;ECOSPORT TITANIUM 1.6L;2017;105656;2da. Cuota
HBVD-76;CAMIONETA;MAHINDRA;GENIO PU DC 4X4 MT FULL C;2017;77204;2da. Cuota
JDXC-27;AUTOMOVIL;VOLKSWAGEN;VOYAGE 1.6;2017;53661;2da. Cuota
CFVP-83;CAMIONETA;TOYOTA;TUNDRA  4X4;2017;98330;2da. Cuota
ZV-6598;STATION WAGON;SUBARU;NEW OUTBACK 2.5 AWD AT 3W;2017;33129;2da. Cuota
DBHK-63;CAMIONETA;NISSAN;TERRANO PICK UP DXS;2017;60907;2da. Cuota
DVJK-94;AUTOMOVIL;CHEVROLET;AVEO III HB 5P 1.4 BASE;2017;22767;2da. Cuota
CJWX-66;AUTOMOVIL;SUZUKI;SWIFT 1.3 GA;2017;21761;2da. Cuota
DJDG-98;CAMIONETA;TOYOTA;NEW HILUX DIESEL 4X4;2017;98029;2da. Cuota
GSTR-19;CAMIONETA;NISSAN;NAVARA SE 4X4;2017;126096;2da. Cuota
CLFY-89;AUTOMOVIL;TOYOTA;YARIS SPORT XLI DAB;2017;26087;2da. Cuota
GWKT-30;CAMIONETA;MITSUBISHI;L200 KATANA CR;2017;104819;2da. Cuota
HBSX-52;STATION WAGON;HYUNDAI;TUCSON LM P/E 5DR CRDI GL;2017;130170;2da. Cuota
FKKC-31;STATION WAGON;MAHINDRA;SCORPIO SUV 4X2 CRDE;2017;43856;2da. Cuota
DKPK-53;CAMIONETA;MITSUBISHI;L200 D/C TD DAKAR CRS MT;2017;91087;2da. Cuota
FWWH-61;CAMIONETA;CHEVROLET;D-MAX E4 CC 2.5D 4WD DAB;2017;90950;2da. Cuota
YRV-028;CARRO ARRASTRE;HECHIZO;HECHIZO;2017;23115;Contado
SK-4290;AUTOMOVIL;SUZUKI;MARUTI 308 GL;2017;25397;Contado
UZ-5230;AUTOMOVIL;KIA MOTORS;RIO 1.3 LS DH;2017;11824;2da. Cuota
BLPJ-76;CAMIONETA;MITSUBISHI;L200 D/C TD KATANA CRM 4X;2017;43528;2da. Cuota
BPPB-94;CAMIONETA;NISSAN;TERRANO PICK UP/DXS;2017;30009;2da. Cuota
DCGW-11;CAMIONETA;NISSAN;TERRANO DX TDI 4X4;2017;58262;2da. Cuota
YRV-027;CARRO ARRASTRE;HECHIZO;HECHIZO;2017;23115;Contado
YRV-029;CARRO ARRASTRE;HECHIZO;HECHIZO;2017;23115;Contado
RJ-9298;AUTOMOVIL;MITSUBISHI;LANCER 1.6 GLXI;2017;11824;2da. Cuota
DPLB-31;CAMIONETA;TOYOTA;HILUX DIESEL 4X2 A/A;2017;83122;2da. Cuota
YK-7046;CAMIONETA;NISSAN;TERRANO AX TDI 4X4 SV;2017;24382;2da. Cuota
JDWT-34;AUTOMOVIL;HYUNDAI;EON HA 5DR 0.8 5M/T GL;2017;30424;2da. Cuota
WZ-7649;STATION WAGON;KIA MOTORS;SPORTAGE PRO II LX 4X4 DA;2017;29702;2da. Cuota
FDDW-41;STATION WAGON;KIA MOTORS;SPORTAGE LX MEC AB ABS 4X;2017;58568;2da. Cuota
WP-9222;AUTOMOVIL;NISSAN;V16 EX SALOON STD COLOR;2017;12686;2da. Cuota
BVKF-21;CAMIONETA;NISSAN;NAVARA 4X2 D/C DSL FULL;2017;46290;2da. Cuota
KC-1080;STATION WAGON;SUBARU;LOYALE 1.8 DLX 4WD;2017;25397;Contado
DKCF-76;CAMION;CHEVROLET;NKR 613;2017;46740;Contado
WZ-9161;RETROEXCAVADORA;J. DEERE;310 G;2017;46740;Contado
BKYJ-31;MAQUINA INDUSTRIAL;CATERPILLAR;120 M;2017;70110;Contado
FFWL-95;CAMIONETA;CHEVROLET;COLORADO II CC 3.7 4WD AT;2017;88802;2da. Cuota
BTVP-19;STATION WAGON;FORD;EXPLORER XLT 4X2 COMFORT;2017;55193;2da. Cuota
GVYX-83;AUTOMOVIL;SUZUKI;CELERIO 1.0 GA;2017;25303;2da. Cuota
GRYY-16;STATION WAGON;HONDA;CR-V EXL 2.4 AUT 4X4;2017;146519;2da. Cuota
YV-1009;CAMIONETA;KIA MOTORS;FRONTIER II 2.5 PLUS DCDH;2017;25303;2da. Cuota
BFJS-48;STATION WAGON;JEEP;COMPASS SPORT 4X4;2017;36352;2da. Cuota
RP-2107;JEEP;DAIHATSU;FEROZA SP;2017;11824;2da. Cuota
DSS-015;MOTO;MV AGUSTA;F4 1000RR ABS;2017;258040;2da. Cuota
TC-7454;AUTOMOVIL;KIA MOTORS;AVELLA II 1.3 GL;2017;11824;2da. Cuota
KU-7829;CAMIONETA;CHEVROLET;LUV 2.3 D/C;2017;11824;2da. Cuota
CBLL-93;CAMIONETA;MITSUBISHI;L200 D/C TD KATANA CRM 4X;2017;43528;2da. Cuota
CLHR-92;CAMIONETA;NISSAN;TERRANO DC TDI 4X4 DX SV;2017;57801;2da. Cuota
JTCV-17;TRACTOR;EUROPARD;TB 504;2017;24024;Contado
UC-2574;CAMION;MERCEDES BENZ;914 C 37;2017;46740;Contado
DRHY-21;CAMION;MERCEDES BENZ;ATEGO 1215;2017;93480;Contado
CCWW-59;CAMION;MITSUBISHI;CANTER;2017;46740;Contado
BRRK-21;CAMION;FORD;CARGO 2428E;2017;140220;Contado
EV-4744;CAMION;MERCEDES BENZ;L 1518 51;2017;93480;Contado
LC-6050;CAMION;HINO;FC 104 SA;2017;46740;Contado
ZJ-8707;CAMION;FORD;CARGO 915;2017;46740;Contado
YN-5615;CAMION;CHEVROLET;NPR 70;2017;46740;Contado
GYPJ-73;CAMION;HYUNDAI;HD 65 DLX D CAB;2017;46740;Contado
HDHC-18;CAMION;MITSUBISHI;CANTER 6.5 EURO IV;2017;46740;Contado
DCVS-61;AUTOMOVIL;KIA MOTORS;RIO JB EX 5D DH DAB;2017;26249;2da. Cuota
XG-2438;AUTOMOVIL;PEUGEOT;206 XR 1.4 AB;2017;12023;2da. Cuota
WG-7556;CAMION;FORD;CARGO 2831;2017;93480;Contado
XF-6311;CAMION;CHEVROLET;NKR 69 EL;2017;46740;Contado
GKLW-67;CAMION;CHEVROLET;FVR 1724E;2017;140220;Contado
YJ-5570;CAMION;HYUNDAI;MIGTHY HD 65;2017;46740;Contado
TX-2188;CAMION;KIA MOTORS;K-400 S;2017;46740;Contado
KF-8458;CAMION;ISUZU;NKR;2017;46740;Contado
KY-7169;JEEP;SUZUKI;SAMURAI 4WD T.MET.;2017;26122;Contado
UK-9235;STATION WAGON;KIA MOTORS;SPORTAGE GRAND II DIES AC;2016;35859;Contado
UK-9235;STATION WAGON;KIA MOTORS;SPORTAGE GRAND II DIES AC;2017;28818;Contado
CJTZ-78;CAMIONETA;CHEVROLET;D-MAX TH CC 3.0D 4WD DAB;2017;50870;2da. Cuota
TC-7515;CAMIONETA;CHEVROLET;LUV D/C 2.2 SLX;2017;26122;Contado
GTTT-82;STATION WAGON;MAHINDRA;SCORPIO SUV 4X4 CRDE EV;2017;75069;2da. Cuota
UN-8000;FURGON;RENAULT;KANGOO EXPRESS RL;2017;12186;2da. Cuota
HRPX-14;STATION WAGON;HONDA;PILOT EXL 3.5 AUT 4X4;2017;338738;2da. Cuota
FGGF-72;CAMIONETA;SSANGYONG;NEW A.SPORTS 4X2 2AB ABS;2017;100850;2da. Cuota
FT-2898;CAMIONETA;CHEVROLET;LUV 1.6 STD;2017;26122;Contado
YW-5938;CAMIONETA;KIA MOTORS;FRONTIER II PLUS PICK UP;2017;63808;Contado
FFJH-78;CAMIONETA;NISSAN;TERRANO PICK UP DXS;2017;88513;2da. Cuota
JZWG-71;MINIBUS;MERCEDES BENZ;SPRINTER 415 CDI 17 ASIENTOS TB;2017;46368;Contado
YRV-007;CARRO ARRASTRE;HECHIZO;HECHIZO;2014;38317;Contado
YRV-007;CARRO ARRASTRE;HECHIZO;HECHIZO;2015;34428;Contado
YRV-007;CARRO ARRASTRE;HECHIZO;HECHIZO;2016;30011;Contado
GTTZ-96;CAMIONETA;SSANGYONG;A.SPORTS 4X4 AC;2017;108236;2da. Cuota
